<?xml version="1.0" encoding="UTF-8"?>
<EmailTemplate xmlns="http://soap.sforce.com/2006/04/metadata">
    <available>true</available>
    <description>This Email template is used for SPLOA Customer correction</description>
    <encodingKey>ISO-8859-1</encodingKey>
    <name>IAP SPLOA Customer Correction Email</name>
    <style>none</style>
    <subject>Indirect Access Product Request - Correction Requested &lt;{!C_Ops_SPLOA_Request__c.Name}&gt;</subject>
    <textOnly>Dear ,

We have received your submission to the Genentech Spoilage Program which was submitted on.

Please make the following corrections to your Spoilage Request so it can be processed:

CS Correction Comments:

Click Here to Edit/Submit Your Spoilage Request.

You will need the following:

Email:
Confirmation Number: 
Please maintain this number for future reference.
License #:
Note: Anyone can use this confirmation number to review and make corrections to the corresponding request. Please be cautious when forwarding this email.

If you have additional questions or would like to further discuss this request, please contact Genentech Customer Service at 800-551-2231 and reference your confirmation number.

Thank you and have a great day.

Genentech Customer Service Team</textOnly>
    <type>custom</type>
    <uiType>Aloha</uiType>
</EmailTemplate>
