<?xml version="1.0" encoding="UTF-8"?>

<Package xmlns="http://soap.sforce.com/2006/04/metadata">

-<types>

<members>SPLOA_Email_Templates</members>

<members>SPLOA_Email_Templates/C_Ops_SPLOA_Customer_Correction_Email</members>

<name>EmailTemplate</name>

</types>

-<types>

<members>beforeUpdateSPLOASubmission</members>

<name>ApexTrigger</name>

</types>


-<types>

<members>C_Ops_SPLOA_IT_Support_User</members>

<members>C_Ops_SPLOA_Regular_User</members>

<members>C_Ops_SPLOA_Super_User</members>

<members>C_Ops_SPLOA_View_Only_User</members>

<name>PermissionSet</name>

</types>

-<types>

<members>C_Ops_SPLOA_All_Documents__c-C-Ops SPLOA Contract Entity Layout</members>

<members>C_ops_MCC_Request__c-C-ops MCC Request Layout</members>

<name>Layout</name>

</types>

-<types>

<members>SPLOA_MCC_Req_Controller</members>

<members>SPLOA_SendEmailRemainderBatch</members>

<name>ApexClass</name>

</types>

<version>46.0</version>

</Package>